{
    "ret":1,
    "apiver":9,
    "name":"一言",
    "version":"1.3.2",
    "version_id":3,
    "author":"fcc",
    "description":"更新日志:\r\n增加sqlite支持\r\n管理者无视添加限制",
    "event":[
        {
            "id":2,
            "type":2,
            "name":"群消息处理",
            "function":"_eventGroupMsg",
            "priority":30000
        },
        {
            "id":3,
            "type":4,
            "name":"讨论组消息处理",
            "function":"_eventDiscussMsg",
            "priority":30000
        },
        {
            "id":1003,
            "type":1003,
            "name":"应用已被启用",
            "priority":30000,
            "function":"_eventEnable"
        }
    ],
    "menu":[],
    "status":[],
    "auth":[
        101,
        103
    ]
}